episode_id,timestamp,scenario_id,flow_id,source,destination,rate_mbps,throughput_mbps,delay_ms,packet_loss,sla_violation_risk,sla_violation,max_link_utilization,max_queue_delay_ms,target_sla_violation_next_step
episode_0001,0,normal,f1,n1,n4,10.0,10.0,15.0,0.0,0.0,False,0.2,1.0,False
episode_0001,1,normal,f1,n1,n4,10.0,10.0,17.0,0.0,0.34,False,0.5,1.0,False
episode_0001,2,normal,f1,n1,n4,10.0,10.0,17.0,0.0,0.34,False,0.5,1.0,False
episode_0001,3,normal,f1,n1,n4,10.0,10.0,17.0,0.0,0.34,False,0.5,1.0,False
episode_0001,4,normal,f1,n1,n4,10.0,10.0,17.0,0.0,0.34,False,0.5,1.0,False
episode_0001,0,normal,f2,n1,n4,15.0,15.0,15.0,0.0,0.0,False,0.2,1.0,False
episode_0001,1,normal,f2,n1,n4,15.0,15.0,17.0,0.0,0.2833,False,0.15,1.0,False
episode_0001,2,normal,f2,n1,n4,15.0,15.0,17.0,0.0,0.2833,False,0.15,1.0,False
episode_0001,3,normal,f2,n1,n4,15.0,15.0,17.0,0.0,0.2833,False,0.15,1.0,False
episode_0001,4,normal,f2,n1,n4,15.0,15.0,17.0,0.0,0.2833,False,0.15,1.0,False
episode_0001,0,normal,f3,n2,n6,8.0,8.0,15.0,0.0,0.0,False,0.2,1.0,False
episode_0001,1,normal,f3,n2,n6,8.0,8.0,22.0,0.0,0.275,False,0.16,1.0,False
episode_0001,2,normal,f3,n2,n6,8.0,8.0,22.0,0.0,0.275,False,0.16,1.0,False
episode_0001,3,normal,f3,n2,n6,8.0,8.0,22.0,0.0,0.275,False,0.16,1.0,False
episode_0001,4,normal,f3,n2,n6,8.0,8.0,22.0,0.0,0.275,False,0.16,1.0,False
episode_0002,0,normal,f1,n1,n4,15.0,15.0,15.0,0.0,0.0,False,0.2,1.0,False
episode_0002,1,normal,f1,n1,n4,15.0,15.0,23.6667,0.0,0.4733,False,0.75,7.6667,False
episode_0002,2,normal,f1,n1,n4,15.0,15.0,23.6667,0.0,0.4733,False,0.75,7.6667,False
episode_0002,3,normal,f1,n1,n4,15.0,15.0,23.6667,0.0,0.4733,False,0.75,7.6667,False
episode_0002,4,normal,f1,n1,n4,15.0,15.0,23.6667,0.0,0.4733,False,0.75,7.6667,False
episode_0002,0,normal,f2,n1,n4,20.0,20.0,15.0,0.0,0.0,False,0.2,1.0,False
episode_0002,1,normal,f2,n1,n4,20.0,20.0,17.0,0.0,0.2833,False,0.2,1.0,False
episode_0002,2,normal,f2,n1,n4,20.0,20.0,17.0,0.0,0.2833,False,0.2,1.0,False
episode_0002,3,normal,f2,n1,n4,20.0,20.0,17.0,0.0,0.2833,False,0.2,1.0,False
episode_0002,4,normal,f2,n1,n4,20.0,20.0,17.0,0.0,0.2833,False,0.2,1.0,False
episode_0002,0,normal,f3,n2,n6,10.0,10.0,15.0,0.0,0.0,False,0.2,1.0,False
episode_0002,1,normal,f3,n2,n6,10.0,10.0,22.0,0.0,0.275,False,0.2,1.0,False
episode_0002,2,normal,f3,n2,n6,10.0,10.0,22.0,0.0,0.275,False,0.2,1.0,False
episode_0002,3,normal,f3,n2,n6,10.0,10.0,22.0,0.0,0.275,False,0.2,1.0,False
episode_0002,4,normal,f3,n2,n6,10.0,10.0,22.0,0.0,0.275,False,0.2,1.0,False
episode_0003,0,normal,f1,n1,n4,18.0,18.0,15.0,0.0,0.0,False,0.2,1.0,False
episode_0003,1,normal,f1,n1,n4,18.0,16.2,43.6667,0.02,0.8733,False,0.9,27.6667,False
episode_0003,2,normal,f1,n1,n4,18.0,16.2,43.6667,0.02,0.8733,False,0.9,27.6667,False
episode_0003,3,normal,f1,n1,n4,18.0,16.2,43.6667,0.02,0.8733,False,0.9,27.6667,False
episode_0003,4,normal,f1,n1,n4,18.0,16.2,43.6667,0.02,0.8733,False,0.9,27.6667,False
episode_0003,0,normal,f2,n1,n4,25.0,25.0,15.0,0.0,0.0,False,0.2,1.0,False
episode_0003,1,normal,f2,n1,n4,25.0,25.0,17.0,0.0,0.2833,False,0.25,1.0,False
episode_0003,2,normal,f2,n1,n4,25.0,25.0,17.0,0.0,0.2833,False,0.25,1.0,False
episode_0003,3,normal,f2,n1,n4,25.0,25.0,17.0,0.0,0.2833,False,0.25,1.0,False
episode_0003,4,normal,f2,n1,n4,25.0,25.0,17.0,0.0,0.2833,False,0.25,1.0,False
episode_0003,0,normal,f3,n2,n6,12.0,12.0,15.0,0.0,0.0,False,0.2,1.0,False
episode_0003,1,normal,f3,n2,n6,12.0,12.0,22.0,0.0,0.275,False,0.24,1.0,False
episode_0003,2,normal,f3,n2,n6,12.0,12.0,22.0,0.0,0.275,False,0.24,1.0,False
episode_0003,3,normal,f3,n2,n6,12.0,12.0,22.0,0.0,0.275,False,0.24,1.0,False
episode_0003,4,normal,f3,n2,n6,12.0,12.0,22.0,0.0,0.275,False,0.24,1.0,False
episode_0004,0,normal,f1,n1,n4,10.0,10.0,15.0,0.0,0.0,False,0.2,1.0,False
episode_0004,1,normal,f1,n1,n4,10.0,10.0,17.0,0.0,0.34,False,0.5,1.0,False
episode_0004,2,normal,f1,n1,n4,10.0,10.0,17.0,0.0,0.34,False,0.5,1.0,False
episode_0004,3,normal,f1,n1,n4,10.0,10.0,17.0,0.0,0.34,False,0.5,1.0,False
episode_0004,4,normal,f1,n1,n4,10.0,10.0,17.0,0.0,0.34,False,0.5,1.0,False
episode_0004,0,normal,f2,n1,n4,15.0,15.0,15.0,0.0,0.0,False,0.2,1.0,False
episode_0004,1,normal,f2,n1,n4,15.0,15.0,17.0,0.0,0.2833,False,0.15,1.0,False
episode_0004,2,normal,f2,n1,n4,15.0,15.0,17.0,0.0,0.2833,False,0.15,1.0,False
episode_0004,3,normal,f2,n1,n4,15.0,15.0,17.0,0.0,0.2833,False,0.15,1.0,False
episode_0004,4,normal,f2,n1,n4,15.0,15.0,17.0,0.0,0.2833,False,0.15,1.0,False
episode_0004,0,normal,f3,n2,n6,8.0,8.0,15.0,0.0,0.0,False,0.2,1.0,False
episode_0004,1,normal,f3,n2,n6,8.0,8.0,22.0,0.0,0.275,False,0.16,1.0,False
episode_0004,2,normal,f3,n2,n6,8.0,8.0,22.0,0.0,0.275,False,0.16,1.0,False
episode_0004,3,normal,f3,n2,n6,8.0,8.0,22.0,0.0,0.275,False,0.16,1.0,False
episode_0004,4,normal,f3,n2,n6,8.0,8.0,22.0,0.0,0.275,False,0.16,1.0,False
episode_0005,0,normal,f1,n1,n4,15.0,15.0,15.0,0.0,0.0,False,0.2,1.0,False
episode_0005,1,normal,f1,n1,n4,15.0,15.0,23.6667,0.0,0.4733,False,0.75,7.6667,False
episode_0005,2,normal,f1,n1,n4,15.0,15.0,23.6667,0.0,0.4733,False,0.75,7.6667,False
episode_0005,3,normal,f1,n1,n4,15.0,15.0,23.6667,0.0,0.4733,False,0.75,7.6667,False
episode_0005,4,normal,f1,n1,n4,15.0,15.0,23.6667,0.0,0.4733,False,0.75,7.6667,False
episode_0005,0,normal,f2,n1,n4,20.0,20.0,15.0,0.0,0.0,False,0.2,1.0,False
episode_0005,1,normal,f2,n1,n4,20.0,20.0,17.0,0.0,0.2833,False,0.2,1.0,False
episode_0005,2,normal,f2,n1,n4,20.0,20.0,17.0,0.0,0.2833,False,0.2,1.0,False
episode_0005,3,normal,f2,n1,n4,20.0,20.0,17.0,0.0,0.2833,False,0.2,1.0,False
episode_0005,4,normal,f2,n1,n4,20.0,20.0,17.0,0.0,0.2833,False,0.2,1.0,False
episode_0005,0,normal,f3,n2,n6,10.0,10.0,15.0,0.0,0.0,False,0.2,1.0,False
episode_0005,1,normal,f3,n2,n6,10.0,10.0,22.0,0.0,0.275,False,0.2,1.0,False
episode_0005,2,normal,f3,n2,n6,10.0,10.0,22.0,0.0,0.275,False,0.2,1.0,False
episode_0005,3,normal,f3,n2,n6,10.0,10.0,22.0,0.0,0.275,False,0.2,1.0,False
episode_0005,4,normal,f3,n2,n6,10.0,10.0,22.0,0.0,0.275,False,0.2,1.0,False
episode_0006,0,normal,f1,n1,n4,18.0,18.0,15.0,0.0,0.0,False,0.2,1.0,False
episode_0006,1,normal,f1,n1,n4,18.0,16.2,43.6667,0.02,0.8733,False,0.9,27.6667,False
episode_0006,2,normal,f1,n1,n4,18.0,16.2,43.6667,0.02,0.8733,False,0.9,27.6667,False
episode_0006,3,normal,f1,n1,n4,18.0,16.2,43.6667,0.02,0.8733,False,0.9,27.6667,False
episode_0006,4,normal,f1,n1,n4,18.0,16.2,43.6667,0.02,0.8733,False,0.9,27.6667,False
episode_0006,0,normal,f2,n1,n4,25.0,25.0,15.0,0.0,0.0,False,0.2,1.0,False
episode_0006,1,normal,f2,n1,n4,25.0,25.0,17.0,0.0,0.2833,False,0.25,1.0,False
episode_0006,2,normal,f2,n1,n4,25.0,25.0,17.0,0.0,0.2833,False,0.25,1.0,False
episode_0006,3,normal,f2,n1,n4,25.0,25.0,17.0,0.0,0.2833,False,0.25,1.0,False
episode_0006,4,normal,f2,n1,n4,25.0,25.0,17.0,0.0,0.2833,False,0.25,1.0,False
episode_0006,0,normal,f3,n2,n6,12.0,12.0,15.0,0.0,0.0,False,0.2,1.0,False
episode_0006,1,normal,f3,n2,n6,12.0,12.0,22.0,0.0,0.275,False,0.24,1.0,False
episode_0006,2,normal,f3,n2,n6,12.0,12.0,22.0,0.0,0.275,False,0.24,1.0,False
episode_0006,3,normal,f3,n2,n6,12.0,12.0,22.0,0.0,0.275,False,0.24,1.0,False
episode_0006,4,normal,f3,n2,n6,12.0,12.0,22.0,0.0,0.275,False,0.24,1.0,False
episode_0007,0,normal,f1,n1,n4,10.0,10.0,15.0,0.0,0.0,False,0.2,1.0,False
episode_0007,1,normal,f1,n1,n4,10.0,10.0,17.0,0.0,0.34,False,0.5,1.0,False
episode_0007,2,normal,f1,n1,n4,10.0,10.0,17.0,0.0,0.34,False,0.5,1.0,False
episode_0007,3,normal,f1,n1,n4,10.0,10.0,17.0,0.0,0.34,False,0.5,1.0,False
episode_0007,4,normal,f1,n1,n4,10.0,10.0,17.0,0.0,0.34,False,0.5,1.0,False
episode_0007,0,normal,f2,n1,n4,15.0,15.0,15.0,0.0,0.0,False,0.2,1.0,False
episode_0007,1,normal,f2,n1,n4,15.0,15.0,17.0,0.0,0.2833,False,0.15,1.0,False
episode_0007,2,normal,f2,n1,n4,15.0,15.0,17.0,0.0,0.2833,False,0.15,1.0,False
episode_0007,3,normal,f2,n1,n4,15.0,15.0,17.0,0.0,0.2833,False,0.15,1.0,False
episode_0007,4,normal,f2,n1,n4,15.0,15.0,17.0,0.0,0.2833,False,0.15,1.0,False
episode_0007,0,normal,f3,n2,n6,8.0,8.0,15.0,0.0,0.0,False,0.2,1.0,False
episode_0007,1,normal,f3,n2,n6,8.0,8.0,22.0,0.0,0.275,False,0.16,1.0,False
episode_0007,2,normal,f3,n2,n6,8.0,8.0,22.0,0.0,0.275,False,0.16,1.0,False
episode_0007,3,normal,f3,n2,n6,8.0,8.0,22.0,0.0,0.275,False,0.16,1.0,False
episode_0007,4,normal,f3,n2,n6,8.0,8.0,22.0,0.0,0.275,False,0.16,1.0,False
episode_0008,0,normal,f1,n1,n4,15.0,15.0,15.0,0.0,0.0,False,0.2,1.0,False
episode_0008,1,normal,f1,n1,n4,15.0,15.0,23.6667,0.0,0.4733,False,0.75,7.6667,False
episode_0008,2,normal,f1,n1,n4,15.0,15.0,23.6667,0.0,0.4733,False,0.75,7.6667,False
episode_0008,3,normal,f1,n1,n4,15.0,15.0,23.6667,0.0,0.4733,False,0.75,7.6667,False
episode_0008,4,normal,f1,n1,n4,15.0,15.0,23.6667,0.0,0.4733,False,0.75,7.6667,False
episode_0008,0,normal,f2,n1,n4,20.0,20.0,15.0,0.0,0.0,False,0.2,1.0,False
episode_0008,1,normal,f2,n1,n4,20.0,20.0,17.0,0.0,0.2833,False,0.2,1.0,False
episode_0008,2,normal,f2,n1,n4,20.0,20.0,17.0,0.0,0.2833,False,0.2,1.0,False
episode_0008,3,normal,f2,n1,n4,20.0,20.0,17.0,0.0,0.2833,False,0.2,1.0,False
episode_0008,4,normal,f2,n1,n4,20.0,20.0,17.0,0.0,0.2833,False,0.2,1.0,False
episode_0008,0,normal,f3,n2,n6,10.0,10.0,15.0,0.0,0.0,False,0.2,1.0,False
episode_0008,1,normal,f3,n2,n6,10.0,10.0,22.0,0.0,0.275,False,0.2,1.0,False
episode_0008,2,normal,f3,n2,n6,10.0,10.0,22.0,0.0,0.275,False,0.2,1.0,False
episode_0008,3,normal,f3,n2,n6,10.0,10.0,22.0,0.0,0.275,False,0.2,1.0,False
episode_0008,4,normal,f3,n2,n6,10.0,10.0,22.0,0.0,0.275,False,0.2,1.0,False
episode_0009,0,normal,f1,n1,n4,18.0,18.0,15.0,0.0,0.0,False,0.2,1.0,False
episode_0009,1,normal,f1,n1,n4,18.0,16.2,43.6667,0.02,0.8733,False,0.9,27.6667,False
episode_0009,2,normal,f1,n1,n4,18.0,16.2,43.6667,0.02,0.8733,False,0.9,27.6667,False
episode_0009,3,normal,f1,n1,n4,18.0,16.2,43.6667,0.02,0.8733,False,0.9,27.6667,False
episode_0009,4,normal,f1,n1,n4,18.0,16.2,43.6667,0.02,0.8733,False,0.9,27.6667,False
episode_0009,0,normal,f2,n1,n4,25.0,25.0,15.0,0.0,0.0,False,0.2,1.0,False
episode_0009,1,normal,f2,n1,n4,25.0,25.0,17.0,0.0,0.2833,False,0.25,1.0,False
episode_0009,2,normal,f2,n1,n4,25.0,25.0,17.0,0.0,0.2833,False,0.25,1.0,False
episode_0009,3,normal,f2,n1,n4,25.0,25.0,17.0,0.0,0.2833,False,0.25,1.0,False
episode_0009,4,normal,f2,n1,n4,25.0,25.0,17.0,0.0,0.2833,False,0.25,1.0,False
episode_0009,0,normal,f3,n2,n6,12.0,12.0,15.0,0.0,0.0,False,0.2,1.0,False
episode_0009,1,normal,f3,n2,n6,12.0,12.0,22.0,0.0,0.275,False,0.24,1.0,False
episode_0009,2,normal,f3,n2,n6,12.0,12.0,22.0,0.0,0.275,False,0.24,1.0,False
episode_0009,3,normal,f3,n2,n6,12.0,12.0,22.0,0.0,0.275,False,0.24,1.0,False
episode_0009,4,normal,f3,n2,n6,12.0,12.0,22.0,0.0,0.275,False,0.24,1.0,False
episode_0010,0,normal,f1,n1,n4,10.0,10.0,15.0,0.0,0.0,False,0.2,1.0,False
episode_0010,1,normal,f1,n1,n4,10.0,10.0,17.0,0.0,0.34,False,0.5,1.0,False
episode_0010,2,normal,f1,n1,n4,10.0,10.0,17.0,0.0,0.34,False,0.5,1.0,False
episode_0010,3,normal,f1,n1,n4,10.0,10.0,17.0,0.0,0.34,False,0.5,1.0,False
episode_0010,4,normal,f1,n1,n4,10.0,10.0,17.0,0.0,0.34,False,0.5,1.0,False
episode_0010,0,normal,f2,n1,n4,15.0,15.0,15.0,0.0,0.0,False,0.2,1.0,False
episode_0010,1,normal,f2,n1,n4,15.0,15.0,17.0,0.0,0.2833,False,0.15,1.0,False
episode_0010,2,normal,f2,n1,n4,15.0,15.0,17.0,0.0,0.2833,False,0.15,1.0,False
episode_0010,3,normal,f2,n1,n4,15.0,15.0,17.0,0.0,0.2833,False,0.15,1.0,False
episode_0010,4,normal,f2,n1,n4,15.0,15.0,17.0,0.0,0.2833,False,0.15,1.0,False
episode_0010,0,normal,f3,n2,n6,8.0,8.0,15.0,0.0,0.0,False,0.2,1.0,False
episode_0010,1,normal,f3,n2,n6,8.0,8.0,22.0,0.0,0.275,False,0.16,1.0,False
episode_0010,2,normal,f3,n2,n6,8.0,8.0,22.0,0.0,0.275,False,0.16,1.0,False
episode_0010,3,normal,f3,n2,n6,8.0,8.0,22.0,0.0,0.275,False,0.16,1.0,False
episode_0010,4,normal,f3,n2,n6,8.0,8.0,22.0,0.0,0.275,False,0.16,1.0,False
episode_0011,0,shared_bottleneck,f1,n1,n4,15.0,15.0,15.0,0.0,0.0,False,0.0,0.0,True
episode_0011,1,shared_bottleneck,f1,n1,n4,15.0,12.0,57.0,0.06,1.0,True,1.0,41.0,True
episode_0011,2,shared_bottleneck,f1,n1,n4,15.0,12.0,57.0,0.06,1.0,True,1.0,41.0,True
episode_0011,3,shared_bottleneck,f1,n1,n4,15.0,12.0,57.0,0.06,1.0,True,1.0,41.0,True
episode_0011,4,shared_bottleneck,f1,n1,n4,15.0,12.0,57.0,0.06,1.0,True,1.0,41.0,True
episode_0011,0,shared_bottleneck,f2,n1,n4,20.0,20.0,15.0,0.0,0.0,False,0.0,0.0,False
episode_0011,1,shared_bottleneck,f2,n1,n4,20.0,20.0,17.0,0.0,0.2833,False,0.2,1.0,False
episode_0011,2,shared_bottleneck,f2,n1,n4,20.0,20.0,17.0,0.0,0.2833,False,0.2,1.0,False
episode_0011,3,shared_bottleneck,f2,n1,n4,20.0,20.0,17.0,0.0,0.2833,False,0.2,1.0,False
episode_0011,4,shared_bottleneck,f2,n1,n4,20.0,20.0,17.0,0.0,0.2833,False,0.2,1.0,False
episode_0011,0,shared_bottleneck,f3,n2,n6,10.0,10.0,25.0,0.0,0.0,False,0.0,0.0,False
episode_0011,1,shared_bottleneck,f3,n2,n6,10.0,10.0,22.0,0.0,0.275,False,0.2,1.0,False
episode_0011,2,shared_bottleneck,f3,n2,n6,10.0,10.0,22.0,0.0,0.275,False,0.2,1.0,False
episode_0011,3,shared_bottleneck,f3,n2,n6,10.0,10.0,22.0,0.0,0.275,False,0.2,1.0,False
episode_0011,4,shared_bottleneck,f3,n2,n6,10.0,10.0,22.0,0.0,0.275,False,0.2,1.0,False
episode_0012,0,shared_bottleneck,f1,n1,n4,18.0,18.0,15.0,0.0,0.0,False,0.0,0.0,True
episode_0012,1,shared_bottleneck,f1,n1,n4,18.0,14.4,57.0,0.06,1.0,True,1.0,41.0,True
episode_0012,2,shared_bottleneck,f1,n1,n4,18.0,14.4,57.0,0.06,1.0,True,1.0,41.0,True
episode_0012,3,shared_bottleneck,f1,n1,n4,18.0,14.4,57.0,0.06,1.0,True,1.0,41.0,True
episode_0012,4,shared_bottleneck,f1,n1,n4,18.0,14.4,57.0,0.06,1.0,True,1.0,41.0,True
episode_0012,0,shared_bottleneck,f2,n1,n4,25.0,25.0,15.0,0.0,0.0,False,0.0,0.0,False
episode_0012,1,shared_bottleneck,f2,n1,n4,25.0,25.0,17.0,0.0,0.2833,False,0.25,1.0,False
episode_0012,2,shared_bottleneck,f2,n1,n4,25.0,25.0,17.0,0.0,0.2833,False,0.25,1.0,False
episode_0012,3,shared_bottleneck,f2,n1,n4,25.0,25.0,17.0,0.0,0.2833,False,0.25,1.0,False
episode_0012,4,shared_bottleneck,f2,n1,n4,25.0,25.0,17.0,0.0,0.2833,False,0.25,1.0,False
episode_0012,0,shared_bottleneck,f3,n2,n6,12.0,12.0,25.0,0.0,0.0,False,0.0,0.0,False
episode_0012,1,shared_bottleneck,f3,n2,n6,12.0,12.0,22.0,0.0,0.275,False,0.24,1.0,False
episode_0012,2,shared_bottleneck,f3,n2,n6,12.0,12.0,22.0,0.0,0.275,False,0.24,1.0,False
episode_0012,3,shared_bottleneck,f3,n2,n6,12.0,12.0,22.0,0.0,0.275,False,0.24,1.0,False
episode_0012,4,shared_bottleneck,f3,n2,n6,12.0,12.0,22.0,0.0,0.275,False,0.24,1.0,False
episode_0013,0,shared_bottleneck,f1,n1,n4,10.0,10.0,15.0,0.0,0.0,False,0.0,0.0,False
episode_0013,1,shared_bottleneck,f1,n1,n4,10.0,10.0,17.0,0.0,0.34,False,0.6,1.0,False
episode_0013,2,shared_bottleneck,f1,n1,n4,10.0,10.0,17.0,0.0,0.34,False,0.6,1.0,False
episode_0013,3,shared_bottleneck,f1,n1,n4,10.0,10.0,17.0,0.0,0.34,False,0.6,1.0,False
episode_0013,4,shared_bottleneck,f1,n1,n4,10.0,10.0,17.0,0.0,0.34,False,0.6,1.0,False
episode_0013,0,shared_bottleneck,f2,n1,n4,15.0,15.0,15.0,0.0,0.0,False,0.0,0.0,False
episode_0013,1,shared_bottleneck,f2,n1,n4,15.0,15.0,17.0,0.0,0.2833,False,0.15,1.0,False
episode_0013,2,shared_bottleneck,f2,n1,n4,15.0,15.0,17.0,0.0,0.2833,False,0.15,1.0,False
episode_0013,3,shared_bottleneck,f2,n1,n4,15.0,15.0,17.0,0.0,0.2833,False,0.15,1.0,False
episode_0013,4,shared_bottleneck,f2,n1,n4,15.0,15.0,17.0,0.0,0.2833,False,0.15,1.0,False
episode_0013,0,shared_bottleneck,f3,n2,n6,8.0,8.0,25.0,0.0,0.0,False,0.0,0.0,False
episode_0013,1,shared_bottleneck,f3,n2,n6,8.0,8.0,22.0,0.0,0.275,False,0.16,1.0,False
episode_0013,2,shared_bottleneck,f3,n2,n6,8.0,8.0,22.0,0.0,0.275,False,0.16,1.0,False
episode_0013,3,shared_bottleneck,f3,n2,n6,8.0,8.0,22.0,0.0,0.275,False,0.16,1.0,False
episode_0013,4,shared_bottleneck,f3,n2,n6,8.0,8.0,22.0,0.0,0.275,False,0.16,1.0,False
episode_0014,0,shared_bottleneck,f1,n1,n4,15.0,15.0,15.0,0.0,0.0,False,0.0,0.0,True
episode_0014,1,shared_bottleneck,f1,n1,n4,15.0,12.0,57.0,0.06,1.0,True,1.0,41.0,True
episode_0014,2,shared_bottleneck,f1,n1,n4,15.0,12.0,57.0,0.06,1.0,True,1.0,41.0,True
episode_0014,3,shared_bottleneck,f1,n1,n4,15.0,12.0,57.0,0.06,1.0,True,1.0,41.0,True
episode_0014,4,shared_bottleneck,f1,n1,n4,15.0,12.0,57.0,0.06,1.0,True,1.0,41.0,True
episode_0014,0,shared_bottleneck,f2,n1,n4,20.0,20.0,15.0,0.0,0.0,False,0.0,0.0,False
episode_0014,1,shared_bottleneck,f2,n1,n4,20.0,20.0,17.0,0.0,0.2833,False,0.2,1.0,False
episode_0014,2,shared_bottleneck,f2,n1,n4,20.0,20.0,17.0,0.0,0.2833,False,0.2,1.0,False
episode_0014,3,shared_bottleneck,f2,n1,n4,20.0,20.0,17.0,0.0,0.2833,False,0.2,1.0,False
episode_0014,4,shared_bottleneck,f2,n1,n4,20.0,20.0,17.0,0.0,0.2833,False,0.2,1.0,False
episode_0014,0,shared_bottleneck,f3,n2,n6,10.0,10.0,25.0,0.0,0.0,False,0.0,0.0,False
episode_0014,1,shared_bottleneck,f3,n2,n6,10.0,10.0,22.0,0.0,0.275,False,0.2,1.0,False
episode_0014,2,shared_bottleneck,f3,n2,n6,10.0,10.0,22.0,0.0,0.275,False,0.2,1.0,False
episode_0014,3,shared_bottleneck,f3,n2,n6,10.0,10.0,22.0,0.0,0.275,False,0.2,1.0,False
episode_0014,4,shared_bottleneck,f3,n2,n6,10.0,10.0,22.0,0.0,0.275,False,0.2,1.0,False
episode_0015,0,shared_bottleneck,f1,n1,n4,18.0,18.0,15.0,0.0,0.0,False,0.0,0.0,True
episode_0015,1,shared_bottleneck,f1,n1,n4,18.0,14.4,57.0,0.06,1.0,True,1.0,41.0,True
episode_0015,2,shared_bottleneck,f1,n1,n4,18.0,14.4,57.0,0.06,1.0,True,1.0,41.0,True
episode_0015,3,shared_bottleneck,f1,n1,n4,18.0,14.4,57.0,0.06,1.0,True,1.0,41.0,True
episode_0015,4,shared_bottleneck,f1,n1,n4,18.0,14.4,57.0,0.06,1.0,True,1.0,41.0,True
episode_0015,0,shared_bottleneck,f2,n1,n4,25.0,25.0,15.0,0.0,0.0,False,0.0,0.0,False
episode_0015,1,shared_bottleneck,f2,n1,n4,25.0,25.0,17.0,0.0,0.2833,False,0.25,1.0,False
episode_0015,2,shared_bottleneck,f2,n1,n4,25.0,25.0,17.0,0.0,0.2833,False,0.25,1.0,False
episode_0015,3,shared_bottleneck,f2,n1,n4,25.0,25.0,17.0,0.0,0.2833,False,0.25,1.0,False
episode_0015,4,shared_bottleneck,f2,n1,n4,25.0,25.0,17.0,0.0,0.2833,False,0.25,1.0,False
episode_0015,0,shared_bottleneck,f3,n2,n6,12.0,12.0,25.0,0.0,0.0,False,0.0,0.0,False
episode_0015,1,shared_bottleneck,f3,n2,n6,12.0,12.0,22.0,0.0,0.275,False,0.24,1.0,False
episode_0015,2,shared_bottleneck,f3,n2,n6,12.0,12.0,22.0,0.0,0.275,False,0.24,1.0,False
episode_0015,3,shared_bottleneck,f3,n2,n6,12.0,12.0,22.0,0.0,0.275,False,0.24,1.0,False
episode_0015,4,shared_bottleneck,f3,n2,n6,12.0,12.0,22.0,0.0,0.275,False,0.24,1.0,False
episode_0016,0,shared_bottleneck,f1,n1,n4,10.0,10.0,15.0,0.0,0.0,False,0.0,0.0,False
episode_0016,1,shared_bottleneck,f1,n1,n4,10.0,10.0,17.0,0.0,0.34,False,0.6,1.0,False
episode_0016,2,shared_bottleneck,f1,n1,n4,10.0,10.0,17.0,0.0,0.34,False,0.6,1.0,False
episode_0016,3,shared_bottleneck,f1,n1,n4,10.0,10.0,17.0,0.0,0.34,False,0.6,1.0,False
episode_0016,4,shared_bottleneck,f1,n1,n4,10.0,10.0,17.0,0.0,0.34,False,0.6,1.0,False
episode_0016,0,shared_bottleneck,f2,n1,n4,15.0,15.0,15.0,0.0,0.0,False,0.0,0.0,False
episode_0016,1,shared_bottleneck,f2,n1,n4,15.0,15.0,17.0,0.0,0.2833,False,0.15,1.0,False
episode_0016,2,shared_bottleneck,f2,n1,n4,15.0,15.0,17.0,0.0,0.2833,False,0.15,1.0,False
episode_0016,3,shared_bottleneck,f2,n1,n4,15.0,15.0,17.0,0.0,0.2833,False,0.15,1.0,False
episode_0016,4,shared_bottleneck,f2,n1,n4,15.0,15.0,17.0,0.0,0.2833,False,0.15,1.0,False
episode_0016,0,shared_bottleneck,f3,n2,n6,8.0,8.0,25.0,0.0,0.0,False,0.0,0.0,False
episode_0016,1,shared_bottleneck,f3,n2,n6,8.0,8.0,22.0,0.0,0.275,False,0.16,1.0,False
episode_0016,2,shared_bottleneck,f3,n2,n6,8.0,8.0,22.0,0.0,0.275,False,0.16,1.0,False
episode_0016,3,shared_bottleneck,f3,n2,n6,8.0,8.0,22.0,0.0,0.275,False,0.16,1.0,False
episode_0016,4,shared_bottleneck,f3,n2,n6,8.0,8.0,22.0,0.0,0.275,False,0.16,1.0,False
episode_0017,0,shared_bottleneck,f1,n1,n4,15.0,15.0,15.0,0.0,0.0,False,0.0,0.0,True
episode_0017,1,shared_bottleneck,f1,n1,n4,15.0,12.0,57.0,0.06,1.0,True,1.0,41.0,True
episode_0017,2,shared_bottleneck,f1,n1,n4,15.0,12.0,57.0,0.06,1.0,True,1.0,41.0,True
episode_0017,3,shared_bottleneck,f1,n1,n4,15.0,12.0,57.0,0.06,1.0,True,1.0,41.0,True
episode_0017,4,shared_bottleneck,f1,n1,n4,15.0,12.0,57.0,0.06,1.0,True,1.0,41.0,True
episode_0017,0,shared_bottleneck,f2,n1,n4,20.0,20.0,15.0,0.0,0.0,False,0.0,0.0,False
episode_0017,1,shared_bottleneck,f2,n1,n4,20.0,20.0,17.0,0.0,0.2833,False,0.2,1.0,False
episode_0017,2,shared_bottleneck,f2,n1,n4,20.0,20.0,17.0,0.0,0.2833,False,0.2,1.0,False
episode_0017,3,shared_bottleneck,f2,n1,n4,20.0,20.0,17.0,0.0,0.2833,False,0.2,1.0,False
episode_0017,4,shared_bottleneck,f2,n1,n4,20.0,20.0,17.0,0.0,0.2833,False,0.2,1.0,False
episode_0017,0,shared_bottleneck,f3,n2,n6,10.0,10.0,25.0,0.0,0.0,False,0.0,0.0,False
episode_0017,1,shared_bottleneck,f3,n2,n6,10.0,10.0,22.0,0.0,0.275,False,0.2,1.0,False
episode_0017,2,shared_bottleneck,f3,n2,n6,10.0,10.0,22.0,0.0,0.275,False,0.2,1.0,False
episode_0017,3,shared_bottleneck,f3,n2,n6,10.0,10.0,22.0,0.0,0.275,False,0.2,1.0,False
episode_0017,4,shared_bottleneck,f3,n2,n6,10.0,10.0,22.0,0.0,0.275,False,0.2,1.0,False
episode_0018,0,shared_bottleneck,f1,n1,n4,18.0,18.0,15.0,0.0,0.0,False,0.0,0.0,True
episode_0018,1,shared_bottleneck,f1,n1,n4,18.0,14.4,57.0,0.06,1.0,True,1.0,41.0,True
episode_0018,2,shared_bottleneck,f1,n1,n4,18.0,14.4,57.0,0.06,1.0,True,1.0,41.0,True
episode_0018,3,shared_bottleneck,f1,n1,n4,18.0,14.4,57.0,0.06,1.0,True,1.0,41.0,True
episode_0018,4,shared_bottleneck,f1,n1,n4,18.0,14.4,57.0,0.06,1.0,True,1.0,41.0,True
episode_0018,0,shared_bottleneck,f2,n1,n4,25.0,25.0,15.0,0.0,0.0,False,0.0,0.0,False
episode_0018,1,shared_bottleneck,f2,n1,n4,25.0,25.0,17.0,0.0,0.2833,False,0.25,1.0,False
episode_0018,2,shared_bottleneck,f2,n1,n4,25.0,25.0,17.0,0.0,0.2833,False,0.25,1.0,False
episode_0018,3,shared_bottleneck,f2,n1,n4,25.0,25.0,17.0,0.0,0.2833,False,0.25,1.0,False
episode_0018,4,shared_bottleneck,f2,n1,n4,25.0,25.0,17.0,0.0,0.2833,False,0.25,1.0,False
episode_0018,0,shared_bottleneck,f3,n2,n6,12.0,12.0,25.0,0.0,0.0,False,0.0,0.0,False
episode_0018,1,shared_bottleneck,f3,n2,n6,12.0,12.0,22.0,0.0,0.275,False,0.24,1.0,False
episode_0018,2,shared_bottleneck,f3,n2,n6,12.0,12.0,22.0,0.0,0.275,False,0.24,1.0,False
episode_0018,3,shared_bottleneck,f3,n2,n6,12.0,12.0,22.0,0.0,0.275,False,0.24,1.0,False
episode_0018,4,shared_bottleneck,f3,n2,n6,12.0,12.0,22.0,0.0,0.275,False,0.24,1.0,False
episode_0019,0,shared_bottleneck,f1,n1,n4,10.0,10.0,15.0,0.0,0.0,False,0.0,0.0,False
episode_0019,1,shared_bottleneck,f1,n1,n4,10.0,10.0,17.0,0.0,0.34,False,0.6,1.0,False
episode_0019,2,shared_bottleneck,f1,n1,n4,10.0,10.0,17.0,0.0,0.34,False,0.6,1.0,False
episode_0019,3,shared_bottleneck,f1,n1,n4,10.0,10.0,17.0,0.0,0.34,False,0.6,1.0,False
episode_0019,4,shared_bottleneck,f1,n1,n4,10.0,10.0,17.0,0.0,0.34,False,0.6,1.0,False
episode_0019,0,shared_bottleneck,f2,n1,n4,15.0,15.0,15.0,0.0,0.0,False,0.0,0.0,False
episode_0019,1,shared_bottleneck,f2,n1,n4,15.0,15.0,17.0,0.0,0.2833,False,0.15,1.0,False
episode_0019,2,shared_bottleneck,f2,n1,n4,15.0,15.0,17.0,0.0,0.2833,False,0.15,1.0,False
episode_0019,3,shared_bottleneck,f2,n1,n4,15.0,15.0,17.0,0.0,0.2833,False,0.15,1.0,False
episode_0019,4,shared_bottleneck,f2,n1,n4,15.0,15.0,17.0,0.0,0.2833,False,0.15,1.0,False
episode_0019,0,shared_bottleneck,f3,n2,n6,8.0,8.0,25.0,0.0,0.0,False,0.0,0.0,False
episode_0019,1,shared_bottleneck,f3,n2,n6,8.0,8.0,22.0,0.0,0.275,False,0.16,1.0,False
episode_0019,2,shared_bottleneck,f3,n2,n6,8.0,8.0,22.0,0.0,0.275,False,0.16,1.0,False
episode_0019,3,shared_bottleneck,f3,n2,n6,8.0,8.0,22.0,0.0,0.275,False,0.16,1.0,False
episode_0019,4,shared_bottleneck,f3,n2,n6,8.0,8.0,22.0,0.0,0.275,False,0.16,1.0,False
episode_0020,0,shared_bottleneck,f1,n1,n4,15.0,15.0,15.0,0.0,0.0,False,0.0,0.0,True
episode_0020,1,shared_bottleneck,f1,n1,n4,15.0,12.0,57.0,0.06,1.0,True,1.0,41.0,True
episode_0020,2,shared_bottleneck,f1,n1,n4,15.0,12.0,57.0,0.06,1.0,True,1.0,41.0,True
episode_0020,3,shared_bottleneck,f1,n1,n4,15.0,12.0,57.0,0.06,1.0,True,1.0,41.0,True
episode_0020,4,shared_bottleneck,f1,n1,n4,15.0,12.0,57.0,0.06,1.0,True,1.0,41.0,True
episode_0020,0,shared_bottleneck,f2,n1,n4,20.0,20.0,15.0,0.0,0.0,False,0.0,0.0,False
episode_0020,1,shared_bottleneck,f2,n1,n4,20.0,20.0,17.0,0.0,0.2833,False,0.2,1.0,False
episode_0020,2,shared_bottleneck,f2,n1,n4,20.0,20.0,17.0,0.0,0.2833,False,0.2,1.0,False
episode_0020,3,shared_bottleneck,f2,n1,n4,20.0,20.0,17.0,0.0,0.2833,False,0.2,1.0,False
episode_0020,4,shared_bottleneck,f2,n1,n4,20.0,20.0,17.0,0.0,0.2833,False,0.2,1.0,False
episode_0020,0,shared_bottleneck,f3,n2,n6,10.0,10.0,25.0,0.0,0.0,False,0.0,0.0,False
episode_0020,1,shared_bottleneck,f3,n2,n6,10.0,10.0,22.0,0.0,0.275,False,0.2,1.0,False
episode_0020,2,shared_bottleneck,f3,n2,n6,10.0,10.0,22.0,0.0,0.275,False,0.2,1.0,False
episode_0020,3,shared_bottleneck,f3,n2,n6,10.0,10.0,22.0,0.0,0.275,False,0.2,1.0,False
episode_0020,4,shared_bottleneck,f3,n2,n6,10.0,10.0,22.0,0.0,0.275,False,0.2,1.0,False
episode_0021,0,background_surge,f1,n1,n4,18.0,18.0,15.0,0.0,0.0,False,0.0,0.0,False
episode_0021,1,background_surge,f1,n1,n4,18.0,16.2,43.6667,0.02,0.8733,False,0.9,27.6667,False
episode_0021,2,background_surge,f1,n1,n4,18.0,16.2,43.6667,0.02,0.8733,False,0.9,27.6667,False
episode_0021,3,background_surge,f1,n1,n4,18.0,16.2,43.6667,0.02,0.8733,False,0.9,27.6667,False
episode_0021,4,background_surge,f1,n1,n4,18.0,16.2,43.6667,0.02,0.8733,False,0.9,27.6667,False
episode_0021,0,background_surge,f2,n1,n4,25.0,25.0,15.0,0.0,0.0,False,0.0,0.0,False
episode_0021,1,background_surge,f2,n1,n4,25.0,25.0,17.0,0.0,0.2833,False,0.25,1.0,False
episode_0021,2,background_surge,f2,n1,n4,25.0,25.0,17.0,0.0,0.2833,False,0.25,1.0,False
episode_0021,3,background_surge,f2,n1,n4,25.0,25.0,17.0,0.0,0.2833,False,0.25,1.0,False
episode_0021,4,background_surge,f2,n1,n4,25.0,25.0,17.0,0.0,0.2833,False,0.25,1.0,False
episode_0021,0,background_surge,f3,n2,n6,12.0,12.0,25.0,0.0,0.0,False,0.0,0.0,True
episode_0021,1,background_surge,f3,n2,n6,12.0,9.6,62.0,0.06,1.0,True,1.0,41.0,True
episode_0021,2,background_surge,f3,n2,n6,12.0,9.6,62.0,0.06,1.0,True,1.0,41.0,True
episode_0021,3,background_surge,f3,n2,n6,12.0,9.6,62.0,0.06,1.0,True,1.0,41.0,True
episode_0021,4,background_surge,f3,n2,n6,12.0,9.6,62.0,0.06,1.0,True,1.0,41.0,True
episode_0022,0,background_surge,f1,n1,n4,10.0,10.0,15.0,0.0,0.0,False,0.0,0.0,False
episode_0022,1,background_surge,f1,n1,n4,10.0,10.0,17.0,0.0,0.34,False,0.5,1.0,False
episode_0022,2,background_surge,f1,n1,n4,10.0,10.0,17.0,0.0,0.34,False,0.5,1.0,False
episode_0022,3,background_surge,f1,n1,n4,10.0,10.0,17.0,0.0,0.34,False,0.5,1.0,False
episode_0022,4,background_surge,f1,n1,n4,10.0,10.0,17.0,0.0,0.34,False,0.5,1.0,False
episode_0022,0,background_surge,f2,n1,n4,15.0,15.0,15.0,0.0,0.0,False,0.0,0.0,False
episode_0022,1,background_surge,f2,n1,n4,15.0,15.0,17.0,0.0,0.2833,False,0.15,1.0,False
episode_0022,2,background_surge,f2,n1,n4,15.0,15.0,17.0,0.0,0.2833,False,0.15,1.0,False
episode_0022,3,background_surge,f2,n1,n4,15.0,15.0,17.0,0.0,0.2833,False,0.15,1.0,False
episode_0022,4,background_surge,f2,n1,n4,15.0,15.0,17.0,0.0,0.2833,False,0.15,1.0,False
episode_0022,0,background_surge,f3,n2,n6,8.0,8.0,25.0,0.0,0.0,False,0.0,0.0,False
episode_0022,1,background_surge,f3,n2,n6,8.0,8.0,22.0,0.0,0.275,False,0.36,1.0,False
episode_0022,2,background_surge,f3,n2,n6,8.0,8.0,22.0,0.0,0.275,False,0.36,1.0,False
episode_0022,3,background_surge,f3,n2,n6,8.0,8.0,22.0,0.0,0.275,False,0.36,1.0,False
episode_0022,4,background_surge,f3,n2,n6,8.0,8.0,22.0,0.0,0.275,False,0.36,1.0,False
episode_0023,0,background_surge,f1,n1,n4,15.0,15.0,15.0,0.0,0.0,False,0.0,0.0,False
episode_0023,1,background_surge,f1,n1,n4,15.0,15.0,23.6667,0.0,0.4733,False,0.75,7.6667,False
episode_0023,2,background_surge,f1,n1,n4,15.0,15.0,23.6667,0.0,0.4733,False,0.75,7.6667,False
episode_0023,3,background_surge,f1,n1,n4,15.0,15.0,23.6667,0.0,0.4733,False,0.75,7.6667,False
episode_0023,4,background_surge,f1,n1,n4,15.0,15.0,23.6667,0.0,0.4733,False,0.75,7.6667,False
episode_0023,0,background_surge,f2,n1,n4,20.0,20.0,15.0,0.0,0.0,False,0.0,0.0,False
episode_0023,1,background_surge,f2,n1,n4,20.0,20.0,17.0,0.0,0.2833,False,0.2,1.0,False
episode_0023,2,background_surge,f2,n1,n4,20.0,20.0,17.0,0.0,0.2833,False,0.2,1.0,False
episode_0023,3,background_surge,f2,n1,n4,20.0,20.0,17.0,0.0,0.2833,False,0.2,1.0,False
episode_0023,4,background_surge,f2,n1,n4,20.0,20.0,17.0,0.0,0.2833,False,0.2,1.0,False
episode_0023,0,background_surge,f3,n2,n6,10.0,10.0,25.0,0.0,0.0,False,0.0,0.0,False
episode_0023,1,background_surge,f3,n2,n6,10.0,10.0,22.0,0.0,0.275,False,0.7,1.0,False
episode_0023,2,background_surge,f3,n2,n6,10.0,10.0,22.0,0.0,0.275,False,0.7,1.0,False
episode_0023,3,background_surge,f3,n2,n6,10.0,10.0,22.0,0.0,0.275,False,0.7,1.0,False
episode_0023,4,background_surge,f3,n2,n6,10.0,10.0,22.0,0.0,0.275,False,0.7,1.0,False
episode_0024,0,background_surge,f1,n1,n4,18.0,18.0,15.0,0.0,0.0,False,0.0,0.0,False
episode_0024,1,background_surge,f1,n1,n4,18.0,16.2,43.6667,0.02,0.8733,False,0.9,27.6667,False
episode_0024,2,background_surge,f1,n1,n4,18.0,16.2,43.6667,0.02,0.8733,False,0.9,27.6667,False
episode_0024,3,background_surge,f1,n1,n4,18.0,16.2,43.6667,0.02,0.8733,False,0.9,27.6667,False
episode_0024,4,background_surge,f1,n1,n4,18.0,16.2,43.6667,0.02,0.8733,False,0.9,27.6667,False
episode_0024,0,background_surge,f2,n1,n4,25.0,25.0,15.0,0.0,0.0,False,0.0,0.0,False
episode_0024,1,background_surge,f2,n1,n4,25.0,25.0,17.0,0.0,0.2833,False,0.25,1.0,False
episode_0024,2,background_surge,f2,n1,n4,25.0,25.0,17.0,0.0,0.2833,False,0.25,1.0,False
episode_0024,3,background_surge,f2,n1,n4,25.0,25.0,17.0,0.0,0.2833,False,0.25,1.0,False
episode_0024,4,background_surge,f2,n1,n4,25.0,25.0,17.0,0.0,0.2833,False,0.25,1.0,False
episode_0024,0,background_surge,f3,n2,n6,12.0,12.0,25.0,0.0,0.0,False,0.0,0.0,True
episode_0024,1,background_surge,f3,n2,n6,12.0,9.6,62.0,0.06,1.0,True,1.0,41.0,True
episode_0024,2,background_surge,f3,n2,n6,12.0,9.6,62.0,0.06,1.0,True,1.0,41.0,True
episode_0024,3,background_surge,f3,n2,n6,12.0,9.6,62.0,0.06,1.0,True,1.0,41.0,True
episode_0024,4,background_surge,f3,n2,n6,12.0,9.6,62.0,0.06,1.0,True,1.0,41.0,True
episode_0025,0,background_surge,f1,n1,n4,10.0,10.0,15.0,0.0,0.0,False,0.0,0.0,False
episode_0025,1,background_surge,f1,n1,n4,10.0,10.0,17.0,0.0,0.34,False,0.5,1.0,False
episode_0025,2,background_surge,f1,n1,n4,10.0,10.0,17.0,0.0,0.34,False,0.5,1.0,False
episode_0025,3,background_surge,f1,n1,n4,10.0,10.0,17.0,0.0,0.34,False,0.5,1.0,False
episode_0025,4,background_surge,f1,n1,n4,10.0,10.0,17.0,0.0,0.34,False,0.5,1.0,False
episode_0025,0,background_surge,f2,n1,n4,15.0,15.0,15.0,0.0,0.0,False,0.0,0.0,False
episode_0025,1,background_surge,f2,n1,n4,15.0,15.0,17.0,0.0,0.2833,False,0.15,1.0,False
episode_0025,2,background_surge,f2,n1,n4,15.0,15.0,17.0,0.0,0.2833,False,0.15,1.0,False
episode_0025,3,background_surge,f2,n1,n4,15.0,15.0,17.0,0.0,0.2833,False,0.15,1.0,False
episode_0025,4,background_surge,f2,n1,n4,15.0,15.0,17.0,0.0,0.2833,False,0.15,1.0,False
episode_0025,0,background_surge,f3,n2,n6,8.0,8.0,25.0,0.0,0.0,False,0.0,0.0,False
episode_0025,1,background_surge,f3,n2,n6,8.0,8.0,22.0,0.0,0.275,False,0.36,1.0,False
episode_0025,2,background_surge,f3,n2,n6,8.0,8.0,22.0,0.0,0.275,False,0.36,1.0,False
episode_0025,3,background_surge,f3,n2,n6,8.0,8.0,22.0,0.0,0.275,False,0.36,1.0,False
episode_0025,4,background_surge,f3,n2,n6,8.0,8.0,22.0,0.0,0.275,False,0.36,1.0,False
episode_0026,0,background_surge,f1,n1,n4,15.0,15.0,15.0,0.0,0.0,False,0.0,0.0,False
episode_0026,1,background_surge,f1,n1,n4,15.0,15.0,23.6667,0.0,0.4733,False,0.75,7.6667,False
episode_0026,2,background_surge,f1,n1,n4,15.0,15.0,23.6667,0.0,0.4733,False,0.75,7.6667,False
episode_0026,3,background_surge,f1,n1,n4,15.0,15.0,23.6667,0.0,0.4733,False,0.75,7.6667,False
episode_0026,4,background_surge,f1,n1,n4,15.0,15.0,23.6667,0.0,0.4733,False,0.75,7.6667,False
episode_0026,0,background_surge,f2,n1,n4,20.0,20.0,15.0,0.0,0.0,False,0.0,0.0,False
episode_0026,1,background_surge,f2,n1,n4,20.0,20.0,17.0,0.0,0.2833,False,0.2,1.0,False
episode_0026,2,background_surge,f2,n1,n4,20.0,20.0,17.0,0.0,0.2833,False,0.2,1.0,False
episode_0026,3,background_surge,f2,n1,n4,20.0,20.0,17.0,0.0,0.2833,False,0.2,1.0,False
episode_0026,4,background_surge,f2,n1,n4,20.0,20.0,17.0,0.0,0.2833,False,0.2,1.0,False
episode_0026,0,background_surge,f3,n2,n6,10.0,10.0,25.0,0.0,0.0,False,0.0,0.0,False
episode_0026,1,background_surge,f3,n2,n6,10.0,10.0,22.0,0.0,0.275,False,0.7,1.0,False
episode_0026,2,background_surge,f3,n2,n6,10.0,10.0,22.0,0.0,0.275,False,0.7,1.0,False
episode_0026,3,background_surge,f3,n2,n6,10.0,10.0,22.0,0.0,0.275,False,0.7,1.0,False
episode_0026,4,background_surge,f3,n2,n6,10.0,10.0,22.0,0.0,0.275,False,0.7,1.0,False
episode_0027,0,background_surge,f1,n1,n4,18.0,18.0,15.0,0.0,0.0,False,0.0,0.0,False
episode_0027,1,background_surge,f1,n1,n4,18.0,16.2,43.6667,0.02,0.8733,False,0.9,27.6667,False
episode_0027,2,background_surge,f1,n1,n4,18.0,16.2,43.6667,0.02,0.8733,False,0.9,27.6667,False
episode_0027,3,background_surge,f1,n1,n4,18.0,16.2,43.6667,0.02,0.8733,False,0.9,27.6667,False
episode_0027,4,background_surge,f1,n1,n4,18.0,16.2,43.6667,0.02,0.8733,False,0.9,27.6667,False
episode_0027,0,background_surge,f2,n1,n4,25.0,25.0,15.0,0.0,0.0,False,0.0,0.0,False
episode_0027,1,background_surge,f2,n1,n4,25.0,25.0,17.0,0.0,0.2833,False,0.25,1.0,False
episode_0027,2,background_surge,f2,n1,n4,25.0,25.0,17.0,0.0,0.2833,False,0.25,1.0,False
episode_0027,3,background_surge,f2,n1,n4,25.0,25.0,17.0,0.0,0.2833,False,0.25,1.0,False
episode_0027,4,background_surge,f2,n1,n4,25.0,25.0,17.0,0.0,0.2833,False,0.25,1.0,False
episode_0027,0,background_surge,f3,n2,n6,12.0,12.0,25.0,0.0,0.0,False,0.0,0.0,True
episode_0027,1,background_surge,f3,n2,n6,12.0,9.6,62.0,0.06,1.0,True,1.0,41.0,True
episode_0027,2,background_surge,f3,n2,n6,12.0,9.6,62.0,0.06,1.0,True,1.0,41.0,True
episode_0027,3,background_surge,f3,n2,n6,12.0,9.6,62.0,0.06,1.0,True,1.0,41.0,True
episode_0027,4,background_surge,f3,n2,n6,12.0,9.6,62.0,0.06,1.0,True,1.0,41.0,True
episode_0028,0,background_surge,f1,n1,n4,10.0,10.0,15.0,0.0,0.0,False,0.0,0.0,False
episode_0028,1,background_surge,f1,n1,n4,10.0,10.0,17.0,0.0,0.34,False,0.5,1.0,False
episode_0028,2,background_surge,f1,n1,n4,10.0,10.0,17.0,0.0,0.34,False,0.5,1.0,False
episode_0028,3,background_surge,f1,n1,n4,10.0,10.0,17.0,0.0,0.34,False,0.5,1.0,False
episode_0028,4,background_surge,f1,n1,n4,10.0,10.0,17.0,0.0,0.34,False,0.5,1.0,False
episode_0028,0,background_surge,f2,n1,n4,15.0,15.0,15.0,0.0,0.0,False,0.0,0.0,False
episode_0028,1,background_surge,f2,n1,n4,15.0,15.0,17.0,0.0,0.2833,False,0.15,1.0,False
episode_0028,2,background_surge,f2,n1,n4,15.0,15.0,17.0,0.0,0.2833,False,0.15,1.0,False
episode_0028,3,background_surge,f2,n1,n4,15.0,15.0,17.0,0.0,0.2833,False,0.15,1.0,False
episode_0028,4,background_surge,f2,n1,n4,15.0,15.0,17.0,0.0,0.2833,False,0.15,1.0,False
episode_0028,0,background_surge,f3,n2,n6,8.0,8.0,25.0,0.0,0.0,False,0.0,0.0,False
episode_0028,1,background_surge,f3,n2,n6,8.0,8.0,22.0,0.0,0.275,False,0.36,1.0,False
episode_0028,2,background_surge,f3,n2,n6,8.0,8.0,22.0,0.0,0.275,False,0.36,1.0,False
episode_0028,3,background_surge,f3,n2,n6,8.0,8.0,22.0,0.0,0.275,False,0.36,1.0,False
episode_0028,4,background_surge,f3,n2,n6,8.0,8.0,22.0,0.0,0.275,False,0.36,1.0,False
episode_0029,0,background_surge,f1,n1,n4,15.0,15.0,15.0,0.0,0.0,False,0.0,0.0,False
episode_0029,1,background_surge,f1,n1,n4,15.0,15.0,23.6667,0.0,0.4733,False,0.75,7.6667,False
episode_0029,2,background_surge,f1,n1,n4,15.0,15.0,23.6667,0.0,0.4733,False,0.75,7.6667,False
episode_0029,3,background_surge,f1,n1,n4,15.0,15.0,23.6667,0.0,0.4733,False,0.75,7.6667,False
episode_0029,4,background_surge,f1,n1,n4,15.0,15.0,23.6667,0.0,0.4733,False,0.75,7.6667,False
episode_0029,0,background_surge,f2,n1,n4,20.0,20.0,15.0,0.0,0.0,False,0.0,0.0,False
episode_0029,1,background_surge,f2,n1,n4,20.0,20.0,17.0,0.0,0.2833,False,0.2,1.0,False
episode_0029,2,background_surge,f2,n1,n4,20.0,20.0,17.0,0.0,0.2833,False,0.2,1.0,False
episode_0029,3,background_surge,f2,n1,n4,20.0,20.0,17.0,0.0,0.2833,False,0.2,1.0,False
episode_0029,4,background_surge,f2,n1,n4,20.0,20.0,17.0,0.0,0.2833,False,0.2,1.0,False
episode_0029,0,background_surge,f3,n2,n6,10.0,10.0,25.0,0.0,0.0,False,0.0,0.0,False
episode_0029,1,background_surge,f3,n2,n6,10.0,10.0,22.0,0.0,0.275,False,0.7,1.0,False
episode_0029,2,background_surge,f3,n2,n6,10.0,10.0,22.0,0.0,0.275,False,0.7,1.0,False
episode_0029,3,background_surge,f3,n2,n6,10.0,10.0,22.0,0.0,0.275,False,0.7,1.0,False
episode_0029,4,background_surge,f3,n2,n6,10.0,10.0,22.0,0.0,0.275,False,0.7,1.0,False
episode_0030,0,background_surge,f1,n1,n4,18.0,18.0,15.0,0.0,0.0,False,0.0,0.0,False
episode_0030,1,background_surge,f1,n1,n4,18.0,16.2,43.6667,0.02,0.8733,False,0.9,27.6667,False
episode_0030,2,background_surge,f1,n1,n4,18.0,16.2,43.6667,0.02,0.8733,False,0.9,27.6667,False
episode_0030,3,background_surge,f1,n1,n4,18.0,16.2,43.6667,0.02,0.8733,False,0.9,27.6667,False
episode_0030,4,background_surge,f1,n1,n4,18.0,16.2,43.6667,0.02,0.8733,False,0.9,27.6667,False
episode_0030,0,background_surge,f2,n1,n4,25.0,25.0,15.0,0.0,0.0,False,0.0,0.0,False
episode_0030,1,background_surge,f2,n1,n4,25.0,25.0,17.0,0.0,0.2833,False,0.25,1.0,False
episode_0030,2,background_surge,f2,n1,n4,25.0,25.0,17.0,0.0,0.2833,False,0.25,1.0,False
episode_0030,3,background_surge,f2,n1,n4,25.0,25.0,17.0,0.0,0.2833,False,0.25,1.0,False
episode_0030,4,background_surge,f2,n1,n4,25.0,25.0,17.0,0.0,0.2833,False,0.25,1.0,False
episode_0030,0,background_surge,f3,n2,n6,12.0,12.0,25.0,0.0,0.0,False,0.0,0.0,True
episode_0030,1,background_surge,f3,n2,n6,12.0,9.6,62.0,0.06,1.0,True,1.0,41.0,True
episode_0030,2,background_surge,f3,n2,n6,12.0,9.6,62.0,0.06,1.0,True,1.0,41.0,True
episode_0030,3,background_surge,f3,n2,n6,12.0,9.6,62.0,0.06,1.0,True,1.0,41.0,True
episode_0030,4,background_surge,f3,n2,n6,12.0,9.6,62.0,0.06,1.0,True,1.0,41.0,True
